Run,MNLI dev acc.,Lexical (entailed),Subseq (entailed),Constituent (entailed),Lexical (nonent),Subseq (nonent),Constituent (nonent),Overall accuracy,ln_subject/object_swap,ln_preposition,ln_relative_clause,ln_passive,ln_conjunction,le_relative_clause,le_around_prepositional_phrase,le_around_relative_clause,le_conjunction,le_passive,sn_NP/S,sn_PP_on_subject,sn_relative_clause_on_subject,sn_past_participle,sn_NP/Z,se_conjunction,se_adjective,se_understood_object,se_relative_clause_on_obj,se_PP_on_obj,cn_embedded_under_if,cn_after_if_clause,cn_embedded_under_verb,cn_disjunction,cn_adverb,ce_embedded_under_since,ce_after_since_clause,ce_embedded_under_verb,ce_conjunction,ce_adverb
Run 0,0.8456444,0.9614,0.9946,0.9932,0.39,0.049,0.0814,0.578266667,0.415,0.548,0.449,0.013,0.525,0.976,1,0.991,0.842,0.998,0.025,0.092,0.053,0,0.075,0.977,1,1,0.996,1,0.349,0,0.039,0.004,0.015,0.966,1,1,1,1
Run 1,0.8436067,0.9428,0.9896,0.9976,0.2992,0.0354,0.1318,0.566066667,0.175,0.439,0.278,0.003,0.601,0.981,1,0.994,0.739,1,0.006,0.107,0.044,0.001,0.019,0.957,1,1,0.991,1,0.395,0,0.222,0.005,0.037,0.99,1,0.998,1,1
Run 2,0.8476821,0.9532,0.9872,0.9892,0.3636,0.0732,0.127,0.582233333,0.256,0.529,0.423,0,0.61,0.972,0.998,0.993,0.803,1,0.006,0.162,0.097,0.006,0.095,0.945,1,1,0.991,1,0.366,0.001,0.149,0.014,0.105,0.956,1,0.99,1,1
Run 3,0.8427916,0.9704,0.9978,0.9952,0.1898,0.0314,0.1678,0.558733333,0.069,0.319,0.25,0.001,0.31,0.976,1,0.989,0.887,1,0.019,0.055,0.029,0,0.054,0.991,1,1,0.998,1,0.432,0.003,0.232,0.023,0.149,0.976,1,1,1,1
Run 4,0.84268975,0.9586,0.9972,0.989,0.2182,0.048,0.1094,0.5534,0.022,0.374,0.266,0,0.429,0.966,0.997,0.992,0.838,1,0.021,0.102,0.06,0.007,0.05,0.986,1,1,1,1,0.373,0,0.146,0.001,0.027,0.953,1,0.992,1,1
Run 5,0.84248596,0.9722,0.9958,0.9962,0.3582,0.0558,0.0578,0.572666667,0.363,0.519,0.418,0.028,0.463,0.983,0.999,0.995,0.884,1,0.011,0.158,0.081,0,0.029,0.98,1,1,0.999,1,0.2,0.003,0.066,0.002,0.018,0.981,1,1,1,1
Run 6,0.8440143,0.9702,0.9972,0.9884,0.5,0.0806,0.096,0.6054,0.595,0.727,0.59,0.008,0.58,0.963,0.998,0.987,0.904,0.999,0.012,0.247,0.096,0.004,0.044,0.989,1,1,0.997,1,0.195,0.015,0.247,0,0.023,0.974,1,0.968,1,1
Run 7,0.844218,0.9606,0.9976,0.9924,0.3488,0.0836,0.0634,0.5744,0.211,0.574,0.42,0.01,0.529,0.972,0.999,0.992,0.84,1,0.016,0.214,0.115,0.003,0.07,0.992,1,1,0.996,1,0.233,0.006,0.038,0,0.04,0.965,1,0.997,1,1
Run 8,0.844218,0.9504,0.9928,0.995,0.5274,0.0824,0.1302,0.613033333,0.662,0.707,0.61,0.03,0.628,0.938,0.997,0.994,0.823,1,0.017,0.191,0.147,0.003,0.054,0.968,1,1,0.996,1,0.428,0.005,0.198,0.003,0.017,0.976,1,0.999,1,1
Run 9,0.8456444,0.9702,0.997,0.9894,0.1326,0.0288,0.1516,0.544933333,0.008,0.23,0.173,0,0.252,0.979,0.996,0.982,0.894,1,0.001,0.049,0.045,0.005,0.044,0.985,1,1,1,1,0.528,0,0.192,0.006,0.032,0.962,1,0.985,1,1
Run 10,0.84248596,0.9522,0.9916,0.9964,0.4856,0.0848,0.189,0.6166,0.447,0.67,0.601,0.005,0.705,0.963,0.996,0.97,0.833,0.999,0.027,0.211,0.149,0.011,0.026,0.963,1,1,0.995,1,0.467,0.003,0.376,0.003,0.096,0.982,1,1,1,1
Run 11,0.84472746,0.9704,0.9964,0.9952,0.1592,0.0186,0.0856,0.537566667,0.038,0.254,0.182,0,0.322,0.997,1,0.992,0.864,0.999,0.003,0.041,0.014,0,0.035,0.983,1,1,0.999,1,0.311,0.002,0.102,0.001,0.012,0.976,1,1,1,1
Run 12,0.84554255,0.9606,0.9974,0.9938,0.3232,0.0588,0.0784,0.5687,0.243,0.494,0.41,0.025,0.444,0.975,0.998,0.995,0.836,0.999,0.033,0.13,0.084,0.001,0.046,0.992,1,1,0.995,1,0.28,0.007,0.06,0.001,0.044,0.969,1,1,1,1
Run 13,0.8457463,0.9636,0.9944,0.9878,0.4142,0.0678,0.1182,0.591,0.326,0.628,0.502,0.015,0.6,0.958,0.999,0.994,0.868,0.999,0.032,0.167,0.077,0.003,0.06,0.979,1,1,0.993,1,0.365,0.03,0.119,0.003,0.074,0.951,1,0.988,1,1
Run 14,0.845135,0.9472,0.9922,0.9886,0.2818,0.056,0.0794,0.557533333,0.078,0.433,0.341,0,0.557,0.985,0.999,0.99,0.763,0.999,0.022,0.119,0.055,0.002,0.082,0.974,1,0.994,0.993,1,0.345,0.001,0.047,0,0.004,0.943,1,1,1,1
Run 15,0.8409577,0.9532,0.985,0.9822,0.0976,0.0418,0.1778,0.5396,0,0.115,0.135,0,0.238,0.97,0.983,0.977,0.836,1,0.025,0.022,0.031,0.02,0.111,0.986,1,0.953,0.99,0.996,0.602,0.001,0.184,0.027,0.075,0.928,1,0.983,1,1
Run 16,0.84554255,0.975,0.9962,0.9928,0.2404,0.0228,0.1218,0.558166667,0.114,0.316,0.27,0,0.502,0.973,1,0.996,0.907,0.999,0.005,0.035,0.027,0,0.047,0.989,1,1,0.992,1,0.434,0.02,0.114,0,0.041,0.973,1,0.991,1,1
Run 17,0.8452369,0.9478,0.9944,0.9936,0.3422,0.0626,0.1162,0.576133333,0.253,0.544,0.408,0.004,0.502,0.974,0.998,0.996,0.771,1,0.035,0.146,0.076,0.001,0.055,0.976,1,1,0.996,1,0.338,0,0.183,0.001,0.059,0.969,1,0.999,1,1
Run 18,0.84085584,0.9714,0.9974,0.9992,0.2652,0.0286,0.0734,0.555866667,0.171,0.38,0.32,0.002,0.453,0.986,1,0.992,0.879,1,0.016,0.053,0.027,0.006,0.041,0.992,1,0.999,0.996,1,0.262,0.004,0.083,0,0.018,0.997,1,0.999,1,1
Run 19,0.8438105,0.9746,0.9978,0.9928,0.1216,0.0384,0.1292,0.5424,0.012,0.223,0.175,0,0.198,0.993,0.999,0.979,0.902,1,0.039,0.05,0.024,0.006,0.073,0.998,1,1,0.991,1,0.441,0.001,0.144,0.005,0.055,0.964,1,1,1,1
Run 20,0.8417728,0.9412,0.9924,0.9878,0.4348,0.0814,0.2376,0.612533333,0.38,0.613,0.517,0.011,0.653,0.958,0.986,0.984,0.779,0.999,0.026,0.199,0.103,0.011,0.068,0.972,1,1,0.99,1,0.697,0,0.375,0.005,0.111,0.96,1,0.979,1,1
Run 21,0.84452367,0.96,0.9888,0.987,0.4134,0.096,0.1292,0.595733333,0.395,0.593,0.46,0.02,0.599,0.971,1,0.995,0.834,1,0.015,0.229,0.163,0.013,0.06,0.957,1,1,0.987,1,0.419,0.026,0.161,0.004,0.036,0.947,1,0.988,1,1
Run 22,0.84370863,0.9412,0.9906,0.9898,0.3166,0.0792,0.1372,0.575766667,0.12,0.527,0.387,0.005,0.544,0.962,0.99,0.981,0.773,1,0.009,0.193,0.112,0.003,0.079,0.972,1,0.99,0.991,1,0.38,0.01,0.2,0.005,0.091,0.953,1,0.996,1,1
Run 23,0.84533876,0.9682,0.9972,0.9936,0.1722,0.0312,0.1516,0.552333333,0.032,0.262,0.194,0,0.373,0.989,0.997,0.993,0.862,1,0.008,0.077,0.035,0.002,0.034,0.986,1,1,1,1,0.497,0,0.181,0,0.08,0.969,1,0.999,1,1
Run 24,0.8446256,0.9592,0.9968,0.9866,0.355,0.0814,0.1494,0.588066667,0.243,0.531,0.451,0.01,0.54,0.944,0.999,0.992,0.862,0.999,0.018,0.218,0.103,0.004,0.064,0.989,1,1,0.995,1,0.427,0,0.262,0.003,0.055,0.953,1,0.98,1,1
Run 25,0.8413653,0.9648,0.9934,0.991,0.106,0.029,0.1672,0.5419,0.001,0.133,0.139,0,0.257,0.966,0.998,0.99,0.87,1,0.032,0.025,0.023,0.004,0.061,0.987,1,0.998,0.982,1,0.445,0,0.309,0.003,0.079,0.957,1,0.998,1,1
Run 26,0.84207845,0.965,0.9956,0.9942,0.0844,0.0202,0.156,0.5359,0,0.092,0.157,0,0.173,0.981,0.996,0.985,0.863,1,0.015,0.027,0.018,0.005,0.036,0.998,1,0.988,0.992,1,0.478,0,0.202,0.013,0.087,0.985,1,0.986,1,1
Run 27,0.8444218,0.945,0.9912,0.99,0.229,0.0422,0.0768,0.5457,0.047,0.343,0.267,0,0.488,0.973,0.993,0.985,0.774,1,0.025,0.105,0.039,0.005,0.037,0.972,1,1,0.985,0.999,0.328,0,0.047,0,0.009,0.951,1,0.999,1,1
Run 28,0.84207845,0.9644,0.9924,0.9964,0.2086,0.051,0.0828,0.549266667,0.06,0.292,0.207,0,0.484,0.98,0.999,0.987,0.856,1,0.015,0.105,0.062,0.002,0.071,0.97,1,1,0.992,1,0.225,0.007,0.098,0.002,0.082,0.984,1,0.998,1,1
Run 29,0.84635764,0.9762,0.997,0.9844,0.3404,0.0502,0.2054,0.592266667,0.386,0.477,0.365,0.001,0.473,0.977,0.998,0.997,0.91,0.999,0.03,0.11,0.036,0.003,0.072,0.994,1,0.998,0.993,1,0.643,0.004,0.255,0.001,0.124,0.93,1,0.992,1,1
Run 30,0.8456444,0.9638,0.999,0.9906,0.2298,0.042,0.0774,0.550433333,0.084,0.408,0.304,0.002,0.351,0.986,1,0.985,0.848,1,0.017,0.085,0.055,0.002,0.051,0.996,1,1,0.999,1,0.211,0,0.121,0,0.055,0.975,1,0.978,1,1
Run 31,0.8429954,0.9302,0.9862,0.9894,0.4632,0.0926,0.1452,0.601133333,0.411,0.666,0.551,0.017,0.671,0.951,0.995,0.988,0.717,1,0.015,0.236,0.125,0.003,0.084,0.935,1,1,0.996,1,0.495,0.002,0.152,0.011,0.066,0.949,1,0.998,1,1
Run 32,0.8391238,0.9502,0.9974,0.9814,0.2596,0.0476,0.1824,0.569766667,0.168,0.434,0.323,0.002,0.371,0.967,0.993,0.987,0.805,0.999,0.018,0.118,0.045,0.002,0.055,0.993,1,1,0.994,1,0.596,0.003,0.233,0.015,0.065,0.935,1,0.972,1,1
Run 33,0.8410596,0.9636,0.9896,0.9942,0.3216,0.0768,0.1344,0.580033333,0.225,0.507,0.377,0,0.499,0.979,0.998,0.99,0.852,0.999,0.011,0.223,0.115,0.002,0.033,0.951,1,0.999,0.998,1,0.367,0,0.215,0.002,0.088,0.975,1,0.996,1,1
Run 34,0.8446256,0.9772,0.996,0.9984,0.2122,0.0218,0.0618,0.544566667,0.119,0.331,0.248,0.003,0.36,0.992,1,1,0.894,1,0.011,0.046,0.022,0,0.03,0.982,1,1,0.998,1,0.238,0.001,0.056,0,0.014,0.992,1,1,1,1
Run 35,0.84350485,0.9616,0.9902,0.9946,0.307,0.0436,0.0712,0.561366667,0.172,0.448,0.354,0.007,0.554,0.989,1,0.993,0.827,0.999,0.019,0.096,0.04,0,0.063,0.953,0.999,1,0.999,1,0.19,0.001,0.133,0.004,0.028,0.973,1,1,1,1
Run 36,0.84146714,0.945,0.9916,0.9876,0.4116,0.0686,0.1204,0.587466667,0.349,0.618,0.457,0.004,0.63,0.966,0.993,0.993,0.773,1,0.011,0.176,0.098,0.001,0.057,0.964,1,1,0.995,0.999,0.299,0,0.276,0.001,0.026,0.951,1,0.987,1,1
Run 37,0.84411615,0.952,0.9932,0.9918,0.5266,0.081,0.1086,0.608866667,0.625,0.706,0.64,0.025,0.637,0.971,0.997,0.989,0.803,1,0.031,0.201,0.113,0,0.06,0.979,1,1,0.987,1,0.392,0.004,0.098,0.003,0.046,0.961,1,0.998,1,1
Run 38,0.8430973,0.9576,0.9918,0.9866,0.173,0.044,0.1616,0.552433333,0.04,0.26,0.199,0.002,0.364,0.977,1,0.992,0.819,1,0.013,0.076,0.052,0.001,0.078,0.968,1,1,0.991,1,0.552,0.007,0.178,0.002,0.069,0.939,1,0.994,1,1
Run 39,0.84350485,0.9496,0.988,0.9892,0.4734,0.1092,0.1676,0.612833333,0.448,0.663,0.54,0.007,0.709,0.961,0.997,0.991,0.801,0.998,0.035,0.244,0.17,0.003,0.094,0.95,1,1,0.99,1,0.431,0.006,0.248,0.007,0.146,0.948,1,0.998,1,1
Run 40,0.8440143,0.9654,0.9972,0.9858,0.267,0.0654,0.1,0.563466667,0.181,0.439,0.357,0.002,0.356,0.971,0.997,0.985,0.874,1,0.026,0.161,0.101,0.003,0.036,0.989,1,1,0.997,1,0.329,0.002,0.152,0.001,0.016,0.939,1,0.99,1,1
Run 41,0.8413653,0.9642,0.9986,0.9898,0.1132,0.0212,0.153,0.54,0,0.184,0.175,0,0.207,0.985,1,0.985,0.851,1,0.016,0.025,0.015,0.003,0.047,0.999,1,1,0.994,1,0.442,0.003,0.221,0.001,0.098,0.966,1,0.983,1,1
Run 42,0.83942944,0.963,0.9948,0.9936,0.0948,0.015,0.1322,0.532233333,0,0.132,0.134,0,0.208,0.987,0.996,0.983,0.849,1,0.015,0.016,0.01,0.004,0.03,0.994,1,0.986,0.994,1,0.423,0,0.174,0,0.064,0.977,1,0.991,1,1
Run 43,0.84411615,0.941,0.9882,0.99,0.327,0.0866,0.192,0.587466667,0.183,0.494,0.428,0.002,0.528,0.957,0.995,0.981,0.773,0.999,0.022,0.217,0.117,0.016,0.061,0.96,1,1,0.981,1,0.517,0,0.404,0.008,0.031,0.959,1,0.991,1,1
Run 44,0.83667856,0.9774,0.9958,0.9942,0.0524,0.0146,0.1282,0.5271,0,0.039,0.098,0,0.125,0.996,0.989,0.986,0.916,1,0.024,0.003,0.011,0.004,0.031,0.994,1,0.993,0.992,1,0.531,0,0.075,0,0.035,0.975,1,0.996,1,1
Run 45,0.8430973,0.9616,0.9944,0.9908,0.4192,0.1142,0.1496,0.604966667,0.348,0.64,0.479,0.037,0.592,0.961,0.997,0.996,0.855,0.999,0.024,0.277,0.19,0.004,0.076,0.975,1,1,0.997,1,0.451,0.001,0.197,0.013,0.086,0.96,1,0.994,1,1
Run 46,0.8405502,0.9436,0.9918,0.9806,0.1576,0.056,0.2186,0.558033333,0.004,0.208,0.197,0,0.379,0.979,0.993,0.978,0.768,1,0.022,0.049,0.071,0.013,0.125,0.974,1,1,0.986,0.999,0.671,0.001,0.29,0.031,0.1,0.918,1,0.985,1,1
Run 47,0.84676516,0.934,0.9916,0.9806,0.3002,0.0552,0.1426,0.567366667,0.128,0.499,0.336,0.003,0.535,0.966,0.997,0.991,0.717,0.999,0.014,0.134,0.063,0.004,0.061,0.969,1,1,0.989,1,0.5,0.003,0.148,0,0.062,0.925,1,0.978,1,1
Run 48,0.8403464,0.9604,0.9954,0.9924,0.0764,0.0216,0.1472,0.532233333,0,0.09,0.115,0,0.177,0.983,0.991,0.983,0.845,1,0.015,0.03,0.024,0.019,0.02,0.987,1,0.991,0.999,1,0.48,0.001,0.16,0.004,0.091,0.965,1,0.997,1,1
Run 49,0.84635764,0.9706,0.998,0.9972,0.356,0.0368,0.0322,0.565133333,0.419,0.508,0.425,0.01,0.418,0.989,1,0.994,0.87,1,0.007,0.087,0.072,0,0.018,0.994,1,1,0.996,1,0.138,0,0.015,0.001,0.007,0.986,1,1,1,1
Run 50,0.845135,0.9688,0.9938,0.9936,0.229,0.0328,0.1328,0.558466667,0.125,0.327,0.247,0,0.446,0.981,1,1,0.863,1,0.005,0.069,0.035,0.004,0.051,0.974,1,1,0.995,1,0.322,0.002,0.279,0.003,0.058,0.968,1,1,1,1
Run 51,0.8465614,0.9474,0.9942,0.9952,0.406,0.0794,0.1378,0.593333333,0.378,0.621,0.47,0.004,0.557,0.96,0.998,0.988,0.793,0.998,0.038,0.195,0.105,0.006,0.053,0.982,1,1,0.989,1,0.414,0.001,0.206,0.017,0.051,0.98,1,0.996,1,1
Run 52,0.8393276,0.943,0.9856,0.9898,0.175,0.0426,0.1234,0.543233333,0.012,0.281,0.247,0,0.335,0.977,0.985,0.981,0.772,1,0.025,0.094,0.034,0.004,0.056,0.948,1,0.992,0.988,1,0.385,0.001,0.141,0.012,0.078,0.95,1,0.999,1,1
Run 53,0.8429954,0.9396,0.9928,0.9906,0.3658,0.0552,0.1496,0.582266667,0.311,0.546,0.442,0.005,0.525,0.977,0.997,0.983,0.741,1,0.022,0.135,0.056,0.004,0.059,0.977,1,1,0.987,1,0.507,0,0.183,0,0.058,0.953,1,1,1,1
Run 54,0.84370863,0.9548,0.9968,0.989,0.115,0.0232,0.1028,0.530266667,0.002,0.198,0.15,0,0.225,0.975,0.998,0.989,0.812,1,0.017,0.027,0.004,0.004,0.064,0.994,1,1,0.99,1,0.336,0.002,0.147,0,0.029,0.949,1,0.996,1,1
Run 55,0.8448293,0.9544,0.9964,0.9934,0.208,0.0366,0.1248,0.552266667,0.065,0.327,0.203,0,0.445,0.981,0.998,0.994,0.799,1,0.031,0.079,0.033,0.001,0.039,0.99,1,1,0.992,1,0.316,0.009,0.183,0.004,0.112,0.978,1,0.989,1,1
Run 56,0.83892,0.9382,0.9896,0.9884,0.1558,0.052,0.1782,0.550366667,0.005,0.288,0.23,0,0.256,0.971,0.989,0.978,0.753,1,0.032,0.1,0.056,0.007,0.065,0.975,1,1,0.975,0.998,0.637,0,0.186,0.001,0.067,0.945,1,0.997,1,1
Run 57,0.8431992,0.9432,0.9918,0.9908,0.4352,0.0422,0.155,0.593033333,0.471,0.649,0.496,0.01,0.55,0.968,1,0.992,0.756,1,0.033,0.065,0.058,0.004,0.051,0.966,1,1,0.993,1,0.472,0.003,0.192,0.011,0.097,0.958,1,0.996,1,1
Run 58,0.8421803,0.9546,0.9916,0.9938,0.2744,0.0546,0.1114,0.5634,0.165,0.42,0.318,0.001,0.468,0.972,0.998,0.988,0.815,1,0.02,0.122,0.077,0,0.054,0.966,1,1,0.992,1,0.274,0.032,0.201,0.006,0.044,0.972,1,0.997,1,1
Run 59,0.8470708,0.972,0.9956,0.9878,0.3574,0.0584,0.1292,0.5834,0.345,0.498,0.439,0.005,0.5,0.983,0.998,0.995,0.884,1,0.01,0.127,0.103,0,0.052,0.98,1,1,0.998,1,0.51,0.002,0.088,0.002,0.044,0.939,1,1,1,1
Run 60,0.84452367,0.965,0.9912,0.988,0.331,0.038,0.0736,0.564466667,0.222,0.505,0.32,0.003,0.605,0.986,1,0.998,0.841,1,0.006,0.112,0.027,0,0.045,0.956,1,1,1,1,0.317,0,0.044,0,0.007,0.944,1,0.996,1,1
Run 61,0.8399389,0.9624,0.9936,0.985,0.1068,0.0376,0.2066,0.548666667,0,0.11,0.142,0,0.282,0.977,0.993,0.99,0.852,1,0.024,0.027,0.018,0.006,0.113,0.981,1,1,0.987,1,0.609,0,0.25,0.001,0.173,0.941,1,0.984,1,1
Run 62,0.84431994,0.9438,0.9924,0.9982,0.341,0.0574,0.0486,0.563566667,0.223,0.517,0.417,0,0.548,0.968,0.997,0.993,0.761,1,0.039,0.117,0.095,0.005,0.031,0.978,1,1,0.984,1,0.189,0.004,0.046,0.001,0.003,0.992,1,0.999,1,1
Run 63,0.83881813,0.971,0.9968,0.9902,0.1,0.0242,0.1428,0.5375,0,0.09,0.138,0,0.272,0.984,0.996,0.986,0.889,1,0.029,0.027,0.01,0.011,0.044,0.994,1,0.994,0.996,1,0.482,0.002,0.2,0.005,0.025,0.951,1,1,1,1
Run 64,0.846867,0.9678,0.9924,0.996,0.3778,0.0488,0.1478,0.588433333,0.412,0.557,0.408,0.003,0.509,0.982,1,0.989,0.868,1,0.019,0.108,0.067,0.004,0.046,0.969,1,1,0.993,1,0.397,0,0.241,0,0.101,0.99,1,0.99,1,1
Run 65,0.8465614,0.9626,0.9916,0.9864,0.2374,0.0344,0.1228,0.555866667,0.131,0.39,0.278,0,0.388,0.991,0.998,0.994,0.83,1,0.007,0.081,0.036,0.005,0.043,0.976,1,1,0.982,1,0.424,0.001,0.174,0.004,0.011,0.932,1,1,1,1
Run 66,0.8448293,0.9602,0.9928,0.996,0.3028,0.0342,0.1016,0.5646,0.236,0.457,0.352,0.004,0.465,0.991,0.994,0.99,0.826,1,0.003,0.103,0.026,0,0.039,0.974,1,1,0.99,1,0.28,0.015,0.092,0.02,0.101,0.981,1,0.999,1,1
Run 67,0.8423841,0.957,0.9872,0.9936,0.4562,0.0466,0.1354,0.596,0.467,0.616,0.516,0.005,0.677,0.981,1,0.995,0.809,1,0.011,0.114,0.066,0.001,0.041,0.942,1,1,0.994,1,0.376,0.007,0.186,0.002,0.106,0.978,0.998,0.992,1,1
Run 68,0.84635764,0.9688,0.9886,0.9984,0.2652,0.0378,0.0702,0.554833333,0.13,0.408,0.322,0,0.466,0.988,1,0.998,0.858,1,0.007,0.087,0.062,0.001,0.032,0.949,1,1,0.994,1,0.266,0.004,0.047,0.006,0.028,0.992,1,1,1,1
Run 69,0.84248596,0.9648,0.9974,0.9884,0.2082,0.0622,0.1188,0.556633333,0.103,0.367,0.253,0,0.318,0.98,1,0.994,0.85,1,0.016,0.143,0.078,0.009,0.065,0.992,1,1,0.995,1,0.435,0,0.114,0,0.045,0.954,1,0.988,1,1
Run 70,0.8385125,0.9616,0.9942,0.9616,0.0924,0.0382,0.1974,0.5409,0,0.166,0.111,0,0.185,0.977,0.978,0.988,0.865,1,0.016,0.034,0.01,0.014,0.117,0.991,1,0.992,0.991,0.997,0.678,0,0.23,0.003,0.076,0.812,1,0.996,1,1
Run 71,0.8410596,0.951,0.9936,0.9772,0.2072,0.064,0.15,0.557166667,0.06,0.384,0.239,0,0.353,0.984,0.992,0.988,0.791,1,0.019,0.165,0.051,0.009,0.076,0.982,1,0.999,0.989,0.998,0.456,0.002,0.219,0.005,0.068,0.921,1,0.965,1,1
Run 72,0.84411615,0.9742,0.9982,0.9812,0.1372,0.0368,0.1432,0.545133333,0.013,0.237,0.202,0.002,0.232,0.99,0.999,0.995,0.887,1,0.015,0.078,0.048,0.001,0.042,0.993,1,1,0.998,1,0.528,0,0.169,0,0.019,0.917,1,0.989,1,1
Run 73,0.8367804,0.9748,0.9984,0.991,0.0526,0.009,0.1662,0.532,0,0.04,0.094,0,0.129,0.99,0.997,0.991,0.896,1,0.001,0.003,0.006,0.013,0.022,0.997,1,1,0.995,1,0.554,0,0.147,0.005,0.125,0.962,1,0.993,1,1
Run 74,0.8444218,0.9614,0.9916,0.9924,0.2592,0.0472,0.1644,0.569366667,0.097,0.376,0.286,0.003,0.534,0.989,1,0.992,0.826,1,0.016,0.085,0.039,0.001,0.095,0.963,1,1,0.995,1,0.533,0.004,0.192,0.011,0.082,0.962,1,1,1,1
Run 75,0.8438105,0.9366,0.994,0.9906,0.3616,0.0572,0.1828,0.587133333,0.161,0.528,0.417,0.003,0.699,0.958,0.993,0.991,0.741,1,0.003,0.138,0.089,0.005,0.051,0.975,1,1,0.995,1,0.519,0.009,0.31,0.022,0.054,0.955,1,0.998,1,1
Run 76,0.83922565,0.967,0.9908,0.9782,0.1278,0.0376,0.0984,0.5333,0.008,0.209,0.166,0,0.256,0.99,0.998,0.976,0.871,1,0.034,0.044,0.018,0.009,0.083,0.997,1,0.982,0.975,1,0.381,0,0.105,0.001,0.005,0.907,1,0.984,1,1
Run 77,0.843301,0.9598,0.9964,0.9916,0.2046,0.0474,0.103,0.550466667,0.07,0.359,0.242,0.001,0.351,0.972,0.996,0.989,0.842,1,0.009,0.115,0.058,0.002,0.053,0.986,1,1,0.996,1,0.321,0.001,0.155,0.009,0.029,0.964,1,0.994,1,1
Run 78,0.8452369,0.9682,0.9974,0.9982,0.243,0.0378,0.082,0.554433333,0.104,0.44,0.319,0.001,0.351,0.98,0.996,0.996,0.869,1,0.019,0.104,0.04,0.002,0.024,0.993,1,1,0.994,1,0.257,0.003,0.11,0,0.04,0.992,1,0.999,1,1
Run 79,0.8440143,0.9736,0.9976,0.9832,0.2136,0.022,0.1306,0.553433333,0.151,0.328,0.217,0.001,0.371,0.989,1,0.993,0.886,1,0.005,0.04,0.024,0.002,0.039,0.99,1,1,0.998,1,0.462,0.015,0.094,0.002,0.08,0.932,1,0.984,1,1
Run 80,0.84533876,0.9478,0.9852,0.9948,0.29,0.047,0.1126,0.5629,0.135,0.428,0.316,0,0.571,0.988,1,0.997,0.754,1,0.007,0.13,0.07,0.002,0.026,0.929,1,1,0.997,1,0.494,0,0.054,0.004,0.011,0.978,1,0.996,1,1
Run 81,0.84472746,0.953,0.99,0.9906,0.3002,0.0778,0.0922,0.5673,0.212,0.441,0.376,0,0.472,0.953,0.998,0.994,0.82,1,0.018,0.206,0.106,0.005,0.054,0.959,1,1,0.991,1,0.355,0.001,0.062,0.005,0.038,0.953,1,1,1,1
Run 82,0.8446256,0.9592,0.9948,0.9884,0.2168,0.0498,0.2386,0.5746,0.061,0.336,0.264,0.001,0.422,0.973,1,0.987,0.836,1,0.017,0.088,0.072,0.003,0.069,0.979,1,1,0.995,1,0.62,0,0.416,0.008,0.149,0.95,1,0.992,1,1
Run 83,0.84493124,0.9514,0.9946,0.9968,0.2854,0.0334,0.0956,0.559533333,0.163,0.365,0.336,0.002,0.561,0.983,1,0.992,0.782,1,0.008,0.064,0.032,0.003,0.06,0.976,1,1,0.997,1,0.325,0.001,0.086,0,0.066,0.985,1,0.999,1,1
Run 84,0.8438105,0.9538,0.9902,0.9956,0.2572,0.0402,0.1226,0.559933333,0.051,0.394,0.265,0.001,0.575,0.986,0.999,0.991,0.794,0.999,0.023,0.087,0.047,0.003,0.041,0.961,1,1,0.99,1,0.375,0,0.206,0.001,0.031,0.981,1,0.997,1,1
Run 85,0.8464595,0.9432,0.9888,0.9934,0.4338,0.0948,0.161,0.6025,0.316,0.63,0.498,0.011,0.714,0.965,0.993,0.986,0.773,0.999,0.027,0.262,0.115,0.005,0.065,0.956,1,1,0.988,1,0.431,0.007,0.269,0.005,0.093,0.967,1,1,1,1
Run 86,0.84370863,0.9646,0.9934,0.9992,0.192,0.026,0.1046,0.546633333,0.071,0.284,0.187,0,0.418,0.988,0.999,0.996,0.84,1,0.009,0.058,0.012,0.002,0.049,0.968,1,0.999,1,1,0.411,0.001,0.085,0,0.026,0.996,1,1,1,1
Run 87,0.84411615,0.969,0.9952,0.9952,0.2186,0.0332,0.073,0.547366667,0.178,0.317,0.241,0,0.357,0.988,1,0.991,0.866,1,0.011,0.075,0.038,0,0.042,0.977,1,1,0.999,1,0.198,0.009,0.123,0.007,0.028,0.98,1,0.996,1,1
Run 88,0.8419766,0.946,0.9966,0.992,0.4258,0.0674,0.1436,0.595233333,0.452,0.619,0.479,0.004,0.575,0.96,0.996,0.992,0.788,0.994,0.025,0.134,0.087,0.005,0.086,0.988,1,1,0.995,1,0.35,0.002,0.284,0.007,0.075,0.977,1,0.983,1,1
Run 89,0.83739173,0.9766,0.9984,0.9782,0.056,0.0218,0.1598,0.5318,0,0.062,0.099,0,0.119,0.987,0.993,0.988,0.915,1,0.005,0.017,0.023,0.005,0.059,0.998,1,1,0.995,0.999,0.501,0,0.228,0.016,0.054,0.961,1,0.93,1,1
Run 90,0.8421803,0.958,0.9888,0.9836,0.132,0.0258,0.1344,0.5371,0.003,0.168,0.163,0,0.326,0.98,1,0.992,0.818,1,0.007,0.054,0.025,0.002,0.041,0.962,1,0.985,0.997,1,0.43,0,0.144,0.012,0.086,0.934,1,0.984,1,1
Run 91,0.845135,0.9528,0.9908,0.9904,0.2812,0.0574,0.1142,0.564466667,0.201,0.426,0.336,0.007,0.436,0.976,0.996,0.984,0.81,0.998,0.006,0.132,0.034,0.015,0.1,0.986,1,0.979,0.989,1,0.388,0.002,0.149,0.004,0.028,0.954,1,0.998,1,1
Run 92,0.84595007,0.968,0.9944,0.9912,0.3256,0.0662,0.1204,0.577633333,0.299,0.498,0.416,0.004,0.411,0.983,0.999,0.997,0.862,0.999,0.029,0.131,0.086,0,0.085,0.98,1,1,0.992,1,0.306,0,0.224,0.001,0.071,0.972,1,0.984,1,1
Run 93,0.84452367,0.9676,0.9972,0.9986,0.3636,0.0522,0.1314,0.5851,0.376,0.508,0.44,0.003,0.491,0.975,1,0.993,0.871,0.999,0.018,0.12,0.105,0.001,0.017,0.988,1,1,0.998,1,0.308,0.001,0.245,0,0.103,0.995,1,0.998,1,1
Run 94,0.8427916,0.956,0.9906,0.9856,0.3518,0.059,0.1576,0.583433333,0.243,0.516,0.37,0.011,0.619,0.979,0.999,0.992,0.81,1,0.024,0.126,0.095,0.001,0.049,0.96,1,1,0.993,1,0.45,0.004,0.208,0,0.126,0.946,1,0.982,1,1
Run 95,0.8464595,0.959,0.9954,0.996,0.4888,0.0684,0.1286,0.606033333,0.592,0.664,0.572,0.04,0.576,0.951,0.993,0.994,0.857,1,0.013,0.177,0.116,0,0.036,0.981,1,1,0.996,1,0.314,0.007,0.224,0.004,0.094,0.981,1,0.999,1,1
Run 96,0.84350485,0.9548,0.9952,0.9896,0.3006,0.074,0.1654,0.579933333,0.146,0.436,0.375,0.002,0.544,0.977,0.997,0.985,0.815,1,0.016,0.184,0.1,0.002,0.068,0.984,1,1,0.992,1,0.548,0.016,0.164,0.008,0.091,0.949,1,0.999,1,1
Run 97,0.84014267,0.957,0.9844,0.9856,0.1462,0.0404,0.1562,0.544966667,0.032,0.257,0.19,0,0.252,0.966,0.982,0.982,0.855,1,0.016,0.08,0.009,0.012,0.085,0.965,1,0.976,0.986,0.995,0.502,0.001,0.226,0.006,0.046,0.933,0.999,0.996,1,1
Run 98,0.8476821,0.9592,0.9882,0.9906,0.4382,0.0888,0.1246,0.598266667,0.432,0.618,0.482,0.042,0.617,0.959,0.998,0.992,0.847,1,0.038,0.237,0.131,0.001,0.037,0.946,1,1,0.995,1,0.506,0.008,0.095,0.001,0.013,0.958,1,0.995,1,1
Run 99,0.8411615,0.9296,0.984,0.985,0.5452,0.1402,0.1768,0.6268,0.565,0.763,0.668,0.007,0.723,0.95,0.976,0.979,0.743,1,0.048,0.346,0.234,0.011,0.062,0.945,1,0.999,0.977,0.999,0.506,0,0.306,0.015,0.057,0.944,1,0.981,1,1
Minimum,0.83667856,0.9296,0.984,0.9616,0.0524,0.009,0.0322,0.5271,0,0.039,0.094,0,0.119,0.938,0.976,0.97,0.717,0.994,0.001,0.003,0.004,0,0.017,0.929,0.999,0.953,0.975,0.995,0.138,0,0.015,0,0.003,0.812,0.998,0.93,1,1
Maximum,0.8476821,0.9774,0.999,0.9992,0.5452,0.1402,0.2386,0.6268,0.662,0.763,0.668,0.042,0.723,0.997,1,1,0.916,1,0.048,0.346,0.234,0.02,0.125,0.999,1,1,1,1,0.697,0.032,0.416,0.031,0.173,0.997,1,1,1,1
Mean,0.843392765,0.958374,0.993344,0.990458,0.276572,0.051832,0.130492,0.566845333,0.19021,0.41129,0.32856,0.005,0.4478,0.97553,0.99646,0.98967,0.83055,0.99966,0.01826,0.11585,0.065,0.00427,0.05578,0.97623,0.99999,0.99786,0.99285,0.99979,0.41091,0.00363,0.17306,0.00496,0.0599,0.95973,0.99997,0.99259,1,1
Standard deviation,0.00241974,0.011357182,0.003697783,0.005746166,0.123642852,0.024160068,0.040625279,0.023553759,0.173032565,0.1768656,0.139395399,0.008767479,0.152459433,0.012049104,0.004695624,0.005692552,0.048016701,0.000781348,0.010085113,0.070473345,0.044295381,0.004382829,0.022602664,0.015962617,0.0001,0.006435413,0.005278841,0.000769297,0.121020417,0.006074712,0.084225985,0.006253758,0.037657816,0.024770402,0.000222702,0.009960624,0,0
,,,,,,,,,,,,,,,,,,,,,,,,,,,,,,,,,,,,,,
,,,,,,,,,,,,,,,,,,,,,,,,,,,,,,,,,,,,,,
,,,,,,,,,,,,,,,,,,,,,,,,,,,,,,,,,,,,,,
,,,,,,,,,,,,,,,,,,,,,,,,,,,,,,,,,,,,,,
,,,,,,,,,,,,,,,,,,,,,,,,,,,,,,,,,,,,,,
,,,,,,,,,,,,,,,,,,,,,,,,,,,,,,,,,,,,,,
,,,,,,,,,,,,,,,,,,,,,,,,,,,,,,,,,,,,,,